{
    "users": [
        {
            "andrew": {
                "firstname": "andrew",
                "lastname": "pang",
                "password": "andrew",
                "profilepic": "https:\/\/cdn4.iconfinder.com\/data\/icons\/people-avatars-12\/24\/people_avatar_head_deadpool_marvel_hero-512.png",
                "contents": []
            },
            "jack": {
                "firstname": "jack",
                "lastname": "ng",
                "password": "jack",
                "profilepic": "https:\/\/cdn4.iconfinder.com\/data\/icons\/people-avatars-12\/24\/people_avatar_head_iron_man_marvel_hero-256.png",
                "contents": [
                    {
                        "Avengers: Infinity War": {
                            "name": "Avengers: Infinity War",
                            "year": "2018",
                            "image": "https:\/\/image.tmdb.org\/t\/p\/w1280\/7WsyChQLEftFiDOVTGkv3hFpyyt.jpg"
                        },
                        "Black Panther": {
                            "name": "Black Panther",
                            "year": "2018",
                            "image": "https:\/\/image.tmdb.org\/t\/p\/w1280\/uxzzxijgPIY7slzFvMotPv8wjKA.jpg"
                        },
                        "Thor: Ragnarok": {
                            "name": "Thor: Ragnarok",
                            "year": "2017",
                            "image": "https:\/\/image.tmdb.org\/t\/p\/w1280\/rzRwTcFvttcN1ZpX2xv4j3tSdJu.jpg"
                        },
                        "Avengers: Age of Ultron": {
                            "name": "Avengers: Age of Ultron",
                            "year": "2015",
                            "image": "https:\/\/image.tmdb.org\/t\/p\/w1280\/t90Y3G8UGQp0f0DrP60wRu9gfrH.jpg"
                        },
                        "Beauty and the Beast": {
                            "name": "Beauty and the Beast",
                            "year": "2017",
                            "image": "https:\/\/image.tmdb.org\/t\/p\/w1280\/tWqifoYuwLETmmasnGHO7xBjEtt.jpg"
                        },
                        "Star Wars: The Last Jedi": {
                            "name": "Star Wars: The Last Jedi",
                            "year": "2017",
                            "image": "https:\/\/image.tmdb.org\/t\/p\/w1280\/kOVEVeg59E0wsnXmF9nrh6OmWII.jpg"
                        },
                        "Wonder Woman": {
                            "name": "Wonder Woman",
                            "year": "2017",
                            "image": "https:\/\/image.tmdb.org\/t\/p\/w1280\/imekS7f1OuHyUP2LAiTEM0zBzUz.jpg"
                        },
                        "Dunkirk": {
                            "name": "Dunkirk",
                            "year": "2017",
                            "image": "https:\/\/image.tmdb.org\/t\/p\/w1280\/bOXBV303Fgkzn2K4FeKDc0O31q4.jpg"
                        }
                    }
                ]
            },
            "jay": {
                "firstname": "jay",
                "lastname": "siu",
                "password": "jay",
                "profilepic": "",
                "contents": []
            },
            "travis": {
                "firstname": "travis",
                "lastname": "tang",
                "password": "travis",
                "profilepic": "",
                "contents": []
            }
        }
    ]
}